video_title,video_id,comment_author,comment_text,comment_likes
CRICIÃšMA 0x1 VITÃ“RIA - 34Âª RODADA BRASILEIRÃƒO 2024 (SEM IMAGENS),SrKHkJG5fU8,@flamenguistayt,Valeu!,0
PALPITES ESTRELAâ­BET | TIAGO MARQUES,txd7NcaUehc,@brumopetrus2630,Que negÃ³cio difÃ­cil estÃ¡ estrela bet oxe,0
PALPITES ESTRELAâ­BET | TIAGO MARQUES,txd7NcaUehc,@jcsampaoficial5172,Como joga nesse estrela beta???,1
PALPITES ESTRELAâ­BET | TIAGO MARQUES,txd7NcaUehc,@patriciasantos2180,ğŸ¥°ğŸ¥°ğŸ¥°ğŸ¥°ğŸ¥°,0
PALPITES ESTRELAâ­BET | TIAGO MARQUES,txd7NcaUehc,@MarcoAntonio_ds,TÃ¡ acontecendo ğŸ”¥,3
PALPITES ESTRELAâ­BET | TIAGO MARQUES,txd7NcaUehc,@lucasfelipe6563,Dale tigre ğŸ¯ğŸŸ¡ğŸŸ¨ğŸ…ğŸ¯ğŸ…ğŸ¯ğŸ…ğŸ¯,2
BASTIDORES - ESPECIAL JOGO DO ACESSO - CRICIÃšMA 3x0 BOTAFOGO-SP,gjFnxaWqNNA,@capivarasuspeita,NÃ£o teme como nÃ£o simpatizar com o criciuma,0
BASTIDORES - ESPECIAL JOGO DO ACESSO - CRICIÃšMA 3x0 BOTAFOGO-SP,gjFnxaWqNNA,@COSSTA,"Que torcida linda essa do CriciÃºma ğŸ¤© 
SaudaÃ§Ãµes Corinthianas âš«âšª",1
BASTIDORES - ESPECIAL JOGO DO ACESSO - CRICIÃšMA 3x0 BOTAFOGO-SP,gjFnxaWqNNA,@RicardoSilva-jq9qe,"Parece estÃ¡dio inglÃªs, aquele igual do chelsea",1
BASTIDORES - ESPECIAL JOGO DO ACESSO - CRICIÃšMA 3x0 BOTAFOGO-SP,gjFnxaWqNNA,@danieltjrusso,Um recado ao mistos: VocÃªs nunca vÃ£o entender o que Ã© nossa paixÃ£o!,1
BASTIDORES - ESPECIAL JOGO DO ACESSO - CRICIÃšMA 3x0 BOTAFOGO-SP,gjFnxaWqNNA,@guerreiro520,"sou gremista mas simpatizo com o tigre, parabÃ©ns",0
BASTIDORES - ESPECIAL JOGO DO ACESSO - CRICIÃšMA 3x0 BOTAFOGO-SP,gjFnxaWqNNA,@JrRamos1234,"Bem vindos de volta, vai ser sensacional assistir os jogos do CriciÃºma, saudaÃ§Ãµes santistas",5
BASTIDORES - ESPECIAL JOGO DO ACESSO - CRICIÃšMA 3x0 BOTAFOGO-SP,gjFnxaWqNNA,@amisticadastorcidas,"INCRIVEL, PARABENS  pelo acesso 
 CRICIUMA E TODA SUA TORCIDA.... EM BREVE FAREMOS  UM VIDEO PARA HOMENAGEA-LOS....",6
BASTIDORES - ESPECIAL JOGO DO ACESSO - CRICIÃšMA 3x0 BOTAFOGO-SP,gjFnxaWqNNA,@iwatzflux3893,Maiores que o Figueirense com toda certeza.,1
BASTIDORES - ESPECIAL JOGO DO ACESSO - CRICIÃšMA 3x0 BOTAFOGO-SP,gjFnxaWqNNA,@GustavoHenrique-hn9mc,A serie A merece uma torcida como essa para iluminar o elitismo da principal liga brasileira. Parabens Tigre,2
BASTIDORES - ESPECIAL JOGO DO ACESSO - CRICIÃšMA 3x0 BOTAFOGO-SP,gjFnxaWqNNA,@RicardoSilva-fq9eg,"Sou de RibeirÃ£o Preto, torcedor do Comercial F.C. e do SÃ£o Paulo F.C. parabÃ©ns a vocÃªs pelo acesso, Ã© uma honra ter vocÃªs de volta a elite. ParabÃ©ns. *CHUPA* *BOTAFOGO* ğŸ˜…",11
BASTIDORES - ESPECIAL JOGO DO ACESSO - CRICIÃšMA 3x0 BOTAFOGO-SP,gjFnxaWqNNA,@h.castro3367,"Esse tÃ©cnico Ã© muito bom, fez milagre por anos no Londrina (Ã© sÃ³ ver onde o clube parou sem ele), merece disputar agora uma SÃ©rie A. Torci pela volta do tradicional CriciÃºma, um campeÃ£o nacional de elite por Santa Catarina Ã© coisa pra se reverenciar sempre.",6
BASTIDORES - ESPECIAL JOGO DO ACESSO - CRICIÃšMA 3x0 BOTAFOGO-SP,gjFnxaWqNNA,@maiconluizdasilva8960,O Maior de Santa Catarina ğŸ’›ğŸ–¤ğŸ’›,7
BASTIDORES - ESPECIAL JOGO DO ACESSO - CRICIÃšMA 3x0 BOTAFOGO-SP,gjFnxaWqNNA,@EDUARDOFernandez-if1om,maior do sul,2
BASTIDORES - ESPECIAL JOGO DO ACESSO - CRICIÃšMA 3x0 BOTAFOGO-SP,gjFnxaWqNNA,@o_corretor,vizeu represento,1
BASTIDORES - ESPECIAL JOGO DO ACESSO - CRICIÃšMA 3x0 BOTAFOGO-SP,gjFnxaWqNNA,@kiabbo182,CRICIÃšMA: O TIME DE SANTA CATARINA!,3
BASTIDORES - ESPECIAL JOGO DO ACESSO - CRICIÃšMA 3x0 BOTAFOGO-SP,gjFnxaWqNNA,@rodrigocasagrandeblosfeld8869,"Cara que nÃ£o se arrepia com esse vÃ­deo,  nÃ£o tem sangue correndo nas veias ğŸ‘ğŸ‘",1
BASTIDORES - ESPECIAL JOGO DO ACESSO - CRICIÃšMA 3x0 BOTAFOGO-SP,gjFnxaWqNNA,@kolleenmilles686,Eu estava com meu filho neste jogo do acesso e posso dizer que ficarÃ¡ na minha memÃ³ria para sempre! O clima e a atmosfera do Majestoso estavam como em 2002 quando Paulo Baier fez 3 gols contra o Fortaleza na final da sÃ©rie B daquele ano!,5
BASTIDORES - ESPECIAL JOGO DO ACESSO - CRICIÃšMA 3x0 BOTAFOGO-SP,gjFnxaWqNNA,@mariawarmling3055,"Assim meu fraco coraÃ§Ã£o nÃ£o aguenta ,vamos buscar mais uma taÃ§a tigre parabÃ©ns a todos nÃ³s carvoeiro.",1
BASTIDORES - ESPECIAL JOGO DO ACESSO - CRICIÃšMA 3x0 BOTAFOGO-SP,gjFnxaWqNNA,@jeffersonricardo-kg7tb,eeu acho mt fd a torcida do criciuma e as cores tbm mt toppp parabens pelo acesso...a serie A. E meu paysandu subiu pra b vamosssss mais uma vez parabens Tigre,5
BASTIDORES - ESPECIAL JOGO DO ACESSO - CRICIÃšMA 3x0 BOTAFOGO-SP,gjFnxaWqNNA,@Raulvitorbn3,foda!,0
BASTIDORES - ESPECIAL JOGO DO ACESSO - CRICIÃšMA 3x0 BOTAFOGO-SP,gjFnxaWqNNA,@caiquesilva4171,"SaudaÃ§Ãµes Santistas , sejam bem vindos a 1 divisÃ£o CriciÃºma ğŸ³ï¸ğŸ‡§ğŸ‡·",17
BASTIDORES - ESPECIAL JOGO DO ACESSO - CRICIÃšMA 3x0 BOTAFOGO-SP,gjFnxaWqNNA,@bTlMaN,Como eu amo esse clube mano pqp,7
BASTIDORES - ESPECIAL JOGO DO ACESSO - CRICIÃšMA 3x0 BOTAFOGO-SP,gjFnxaWqNNA,@pensooque,ğŸ‰,2
BASTIDORES - ESPECIAL JOGO DO ACESSO - CRICIÃšMA 3x0 BOTAFOGO-SP,gjFnxaWqNNA,@klebergoncalvescordeiro4198,"Que festa bonita, somos sÃ©rie A, chupa AvaÃ­ e Figueira",3
BASTIDORES - ESPECIAL JOGO DO ACESSO - CRICIÃšMA 3x0 BOTAFOGO-SP,gjFnxaWqNNA,@Michael-zp8ud,Nada para essa loucura! ğŸ…,4
BASTIDORES - ESPECIAL JOGO DO ACESSO - CRICIÃšMA 3x0 BOTAFOGO-SP,gjFnxaWqNNA,@claudia.machado,ğŸ’›ğŸ–¤ğŸ¯,2
BASTIDORES - ESPECIAL JOGO DO ACESSO - CRICIÃšMA 3x0 BOTAFOGO-SP,gjFnxaWqNNA,@HoKatechon,Homens de muita fÃ©!,4
BASTIDORES - ESPECIAL JOGO DO ACESSO - CRICIÃšMA 3x0 BOTAFOGO-SP,gjFnxaWqNNA,@robsonbosa9462,ğŸ’›ğŸ’ª,2
BASTIDORES - ESPECIAL JOGO DO ACESSO - CRICIÃšMA 3x0 BOTAFOGO-SP,gjFnxaWqNNA,@abnergomesclaudino8283,Vamos tigreeeee!,2
BASTIDORES - ESPECIAL JOGO DO ACESSO - CRICIÃšMA 3x0 BOTAFOGO-SP,gjFnxaWqNNA,@pr.celiorosa929,Esse time jÃ¡ nasceu campeÃ£o,2
BASTIDORES - ESPECIAL JOGO DO ACESSO - CRICIÃšMA 3x0 BOTAFOGO-SP,gjFnxaWqNNA,@Xandyluh,Achei que jÃ¡ tinha assistido todos os vÃ­deos desse acessoğŸ˜‚ğŸ˜‚ğŸ˜‚ o Brasil todo assistiu o tigre subir...,11
BASTIDORES - ESPECIAL JOGO DO ACESSO - CRICIÃšMA 3x0 BOTAFOGO-SP,gjFnxaWqNNA,@glaidsonberlanda,"Sou carvoeiro sim senhor! Do SUL eu sou, daria a vida sÃ³ para te ver campeÃ£o...",3
BASTIDORES - ESPECIAL JOGO DO ACESSO - CRICIÃšMA 3x0 BOTAFOGO-SP,gjFnxaWqNNA,@LMComercioevarejo,"Caraca, atÃ© me arrepiei aqui",4
BASTIDORES - ESPECIAL JOGO DO ACESSO - CRICIÃšMA 3x0 BOTAFOGO-SP,gjFnxaWqNNA,@srcreepert3225,Vamoooo,2
BASTIDORES - ESPECIAL JOGO DO ACESSO - CRICIÃšMA 3x0 BOTAFOGO-SP,gjFnxaWqNNA,@Italianuaecrua,Pra sempre CriciÃºma e nada mais! SÃ©rie A Ã© o nosso lugar! DÃ¡-lhe tigre!!,6
BASTIDORES - ESPECIAL JOGO DO ACESSO - CRICIÃšMA 3x0 BOTAFOGO-SP,gjFnxaWqNNA,@pedrodemetrio1485,Eu participei dessa festa...parabÃ©ns tigre.,3
BASTIDORES - ESPECIAL JOGO DO ACESSO - CRICIÃšMA 3x0 BOTAFOGO-SP,gjFnxaWqNNA,@sandroaparecido2756,ParabÃ©ns CriciÃºma,4
BASTIDORES - ESPECIAL JOGO DO ACESSO - CRICIÃšMA 3x0 BOTAFOGO-SP,gjFnxaWqNNA,@ederborges9600,"HistÃ³rico! Que campanha! SÃ©rie A, meu tigre!!!",5
BASTIDORES - ESPECIAL JOGO DO ACESSO - CRICIÃšMA 3x0 BOTAFOGO-SP,gjFnxaWqNNA,@Bacciliere,"Sou torcedor do SÃ£o Paulo e estou feliz em ver o CriciÃºma de volta!!!
Boooa Tigre !!!",17
BASTIDORES - ESPECIAL JOGO DO ACESSO - CRICIÃšMA 3x0 BOTAFOGO-SP,gjFnxaWqNNA,@alexandrevirtuoso3234,"Se preparem 1 DivisÃ£o o tigre ğŸ…  voltou com fome da sÃ©rie A  ele veio para a sua estrela ğŸŒŸ a Brilhar sempre,parabÃ©ns tigre ğŸ…  em breve eu estarei aÃ­ com vocÃªs abraÃ§os do Alexandre Artur Virtuoso",3
BASTIDORES - ESPECIAL JOGO DO ACESSO - CRICIÃšMA 3x0 BOTAFOGO-SP,gjFnxaWqNNA,@leandromenezes1376,"ParabÃ©ns pelo acesso a SÃ©rie A,Tigre.",4
BASTIDORES - ESPECIAL JOGO DO ACESSO - CRICIÃšMA 3x0 BOTAFOGO-SP,gjFnxaWqNNA,@rodrigoprestessantistadesd2807,"ESSE TENCATI Ã‰ UM EXEMPLO DE SER HUMANO.... QUE MERECIMENTO foi esse acesso... MERECEM MUITO MAIS! 

NÃ“S ESTAMOS BEM REPRESENTADOS NA SÃ‰RIE A.... 

Minha Santa Catarina â¤",6
BASTIDORES - ESPECIAL JOGO DO ACESSO - CRICIÃšMA 3x0 BOTAFOGO-SP,gjFnxaWqNNA,@lucianodebemjossue8940,AmÃ©m,2
BASTIDORES - ESPECIAL JOGO DO ACESSO - CRICIÃšMA 3x0 BOTAFOGO-SP,gjFnxaWqNNA,@leomagagnin7042,"Quem nÃ£o se emociona com isso ta morto por dentro!!!
DÃ¡-lhe Tigreee",11
BASTIDORES - ESPECIAL JOGO DO ACESSO - CRICIÃšMA 3x0 BOTAFOGO-SP,gjFnxaWqNNA,@Semcortesemfiltro,Podia rolar um dvd de 2023 nÃ©. Comprava fÃ¡cil,3
BASTIDORES - ESPECIAL JOGO DO ACESSO - CRICIÃšMA 3x0 BOTAFOGO-SP,gjFnxaWqNNA,@joaovictort,E por isso eu nunca vou te abandonar ğŸ¯ğŸ…,4
BASTIDORES - ESPECIAL JOGO DO ACESSO - CRICIÃšMA 3x0 BOTAFOGO-SP,gjFnxaWqNNA,@nayllson10,"Sou VascaÃ­no, mÃ¡s estou aqui pelo o carinho que sinto pelo o TigrÃ£o. Bem-Vindos a SÃ©rie A, vocÃªs merecem muito! ğŸ’›ğŸ–¤",23
BASTIDORES - ESPECIAL JOGO DO ACESSO - CRICIÃšMA 3x0 BOTAFOGO-SP,gjFnxaWqNNA,@raimundodiasneto5973,CriciÃºma Gigante,6
BASTIDORES - ESPECIAL JOGO DO ACESSO - CRICIÃšMA 3x0 BOTAFOGO-SP,gjFnxaWqNNA,@joaoluizbettiol7089,ParabÃ©ns CriciÃºma,3
BASTIDORES - ESPECIAL JOGO DO ACESSO - CRICIÃšMA 3x0 BOTAFOGO-SP,gjFnxaWqNNA,@wesleiraupp1981,Voltamos ğŸ¯,4
BASTIDORES - ESPECIAL JOGO DO ACESSO - CRICIÃšMA 3x0 BOTAFOGO-SP,gjFnxaWqNNA,@joaofmb2630,outra vez na primeira o tigre estarÃ¡....vamoooo,3
BASTIDORES - ESPECIAL JOGO DO ACESSO - CRICIÃšMA 3x0 BOTAFOGO-SP,gjFnxaWqNNA,@julianobenvenutoguidi7868,Valeu Tigre!!! SÃ©rie A aÃ­ vamos nÃ³s ğŸš€ğŸš€ğŸš€,4
BASTIDORES - ESPECIAL JOGO DO ACESSO - CRICIÃšMA 3x0 BOTAFOGO-SP,gjFnxaWqNNA,@pmudo,Sou carvoeiro sim senhor.....,4
BASTIDORES - ESPECIAL JOGO DO ACESSO - CRICIÃšMA 3x0 BOTAFOGO-SP,gjFnxaWqNNA,@mateusmazzucco4780,Entraram para histÃ³ria! Bonito de ver a gana pelo acesso.,7
CRICIÃšMA 2x1 ATLÃ‰TICO-MG - 21Âª RODADA BRASILEIRÃƒO 2024 (SEM IMAGENS),ShnSQgRXbbk,@marcus1971100,Galo freguÃªs do CriciÃºma ğŸ˜‚ğŸ˜‚ğŸ˜‚ğŸ˜‚,0
CRICIÃšMA 2x1 ATLÃ‰TICO-MG - 21Âª RODADA BRASILEIRÃƒO 2024 (SEM IMAGENS),ShnSQgRXbbk,@marcus1971100,ParabÃ©ns pela rezenhağŸ‰ğŸ‰ğŸ‰,1
Eu Acredito - Filme do acesso do CriciÃºma E.C. a SÃ©rie A,xe2u459M64k,@arthurtuca7350,"Hoje estamos aqui de volta a serie A,meus amigosss",0
Eu Acredito - Filme do acesso do CriciÃºma E.C. a SÃ©rie A,xe2u459M64k,@tulymds,SABADO TEM DE NOVO!,0
Eu Acredito - Filme do acesso do CriciÃºma E.C. a SÃ©rie A,xe2u459M64k,@gersonfernandes5141,Eu choro com este time amado,0
Eu Acredito - Filme do acesso do CriciÃºma E.C. a SÃ©rie A,xe2u459M64k,@GuiPaladini2001,Esse ano vamos subir de novo â¤,1
Eu Acredito - Filme do acesso do CriciÃºma E.C. a SÃ©rie A,xe2u459M64k,@eduardolodetti7756,Esse gurizao que falou no final representou o torcedor raiz que vai pela camisa e nÃ£o resultado,0
Eu Acredito - Filme do acesso do CriciÃºma E.C. a SÃ©rie A,xe2u459M64k,@silvio9448,Eu sou CriciÃºma com muito orgulho,1
Eu Acredito - Filme do acesso do CriciÃºma E.C. a SÃ©rie A,xe2u459M64k,@mauricioalexandreghettino9491,Tomara que o criciuma volte pra seri a,0
Eu Acredito - Filme do acesso do CriciÃºma E.C. a SÃ©rie A,xe2u459M64k,@agenorflorentino6638,Gistei,0
Eu Acredito - Filme do acesso do CriciÃºma E.C. a SÃ©rie A,xe2u459M64k,@tiagodomingos5052,Saudade ğŸ˜­ğŸ˜­,0
Eu Acredito - Filme do acesso do CriciÃºma E.C. a SÃ©rie A,xe2u459M64k,@vitorzanette7538,Ver isso em 2021 Ã© triste ğŸ¥º,0
Eu Acredito - Filme do acesso do CriciÃºma E.C. a SÃ©rie A,xe2u459M64k,@valdiradespindola4422,Qndo vamos sentir essas emoÃ§Ãµes outra vez ğŸ¤£ğŸ¤£ğŸ¤£ğŸ¤£,1
Eu Acredito - Filme do acesso do CriciÃºma E.C. a SÃ©rie A,xe2u459M64k,@asaventurasdelucasstupp4218,AlguÃ©m Assistindo em 2020?,7
Eu Acredito - Filme do acesso do CriciÃºma E.C. a SÃ©rie A,xe2u459M64k,@asaventurasdelucasstupp4218,#VoltaLogoAngeloni #TigreCriciÃºmaEC #Amooo #OTempoUrge #OTigreRuge #PalavraDoTigre ğŸ¯ğŸ¯ğŸ¯ğŸ¯ğŸ…ğŸ…ğŸ…ğŸ…ğŸ¤´ğŸ»ğŸ‘¸ğŸ»ğŸ’šğŸ’›ğŸ‡§ğŸ‡·ğŸ’ğŸ˜â¤ğŸ˜˜ğŸ™ğŸ»ğŸ’™ğŸ‘ğŸ»ğŸ‘ğŸ»ğŸ‘ğŸ»ğŸ‘ğŸ»ğŸ‘ğŸ»ğŸ‘ğŸ»,2
Eu Acredito - Filme do acesso do CriciÃºma E.C. a SÃ©rie A,xe2u459M64k,@asaventurasdelucasstupp4218,"Coisa Mais Linda do Mundo... Saudades de Ver o TigrÃ£o na SÃ©rie A... Ã‰ de se Emocionar... E Se Deus Quiser, Quando Essa Maldita Pandemia da COVID-19 Acabar, NÃ³s Vamos SIM Torcer Para que o TigrÃ£o Volte a SÃ©rie A... Vamos Ter FÃ‰ EM DEUS e Afiar as GARRAS DO TIGRE... #TigreCriciÃºmaEC #OTempoUrge #OTigreRuge #PalavraDoTigre #Amooooo ğŸ¯ğŸ¯ğŸ¯ğŸ¯ğŸ…ğŸ…ğŸ…ğŸ…ğŸ¤´ğŸ»ğŸ‘¸ğŸ»ğŸ’šğŸ’›ğŸ‡§ğŸ‡·ğŸ’ğŸ˜â¤ğŸ˜˜ğŸ™ğŸ»ğŸ’™ğŸ‘ğŸ»ğŸ‘ğŸ»ğŸ‘ğŸ»ğŸ‘ğŸ»ğŸ‘ğŸ»ğŸ‘ğŸ»ğŸ‘ğŸ»ğŸ‘ğŸ»",4
Eu Acredito - Filme do acesso do CriciÃºma E.C. a SÃ©rie A,xe2u459M64k,@eduardolodetti,choro toda vez que assisto.,0
Eu Acredito - Filme do acesso do CriciÃºma E.C. a SÃ©rie A,xe2u459M64k,@ramondasilva5885,Momento maravilhoso   eu amo muito esse clube   nÃ£o  importa a divisÃ£o,6
Eu Acredito - Filme do acesso do CriciÃºma E.C. a SÃ©rie A,xe2u459M64k,@lucianosalvaro7249,"Esse ano de 2019 , nosso tigre estÃ¡ orrivel ğŸ˜ğŸ˜rumo a sÃ©rie C",2
Eu Acredito - Filme do acesso do CriciÃºma E.C. a SÃ©rie A,xe2u459M64k,@pedrobrandao4466,TigrÃ£o,0
Eu Acredito - Filme do acesso do CriciÃºma E.C. a SÃ©rie A,xe2u459M64k,@zelinetochador4157,TIGRÃƒO,0
Eu Acredito - Filme do acesso do CriciÃºma E.C. a SÃ©rie A,xe2u459M64k,@lucianosalvaro7249,TimaÃ§o ğŸ’ªğŸ‘ğŸ‘,0
Eu Acredito - Filme do acesso do CriciÃºma E.C. a SÃ©rie A,xe2u459M64k,@kuikagames6286,"que saudade, choro vendo esse vÃ­deo",18
Eu Acredito - Filme do acesso do CriciÃºma E.C. a SÃ©rie A,xe2u459M64k,@marcelopacheco871,"Esse ano teremos outro filme pra fazer, marketing vÃ¡ se preparando,  VAMOS TIGREEE",0
Eu Acredito - Filme do acesso do CriciÃºma E.C. a SÃ©rie A,xe2u459M64k,@baguale6841,Era uma mÃ¡quina esse time #voltaangeloni,12
Eu Acredito - Filme do acesso do CriciÃºma E.C. a SÃ©rie A,xe2u459M64k,@rafaelaraujo9199,Lindo vÃ­deo. . Esse meu criciuma Ã© espetacular. .  NÃ£o Ã©  a toa que o clube mais querido de Santa catarina. . Melhor time que eu vi do criciÃºma esse de 2012.. melhor que o 2002,4
Eu Acredito - Filme do acesso do CriciÃºma E.C. a SÃ©rie A,xe2u459M64k,@nicolassouza930,ORGULHO SEMPRE DE SER CARVOEIRO,7
Eu Acredito - Filme do acesso do CriciÃºma E.C. a SÃ©rie A,xe2u459M64k,@cleberbinho7478,GOSTEI DO FILME SOBRE O ACESSO DO CRICIÃšMA NA SÃ‰RIE A EM 2012 . ACHEI MARAVILHOSO E GOSTARIA DE VER POR MUITAS VEZES !Â ,5
Eu Acredito - Filme do acesso do CriciÃºma E.C. a SÃ©rie A,xe2u459M64k,@michel.junior1909,Sou coxa branca. E a Ãºnica equipe que gosto de SC Ã© o CriciÃºma! ParabÃ©ns!!!!!!!,31
Eu Acredito - Filme do acesso do CriciÃºma E.C. a SÃ©rie A,xe2u459M64k,@pastodaigreija1285,Simplesmente de arrepiar.,4
Eu Acredito - Filme do acesso do CriciÃºma E.C. a SÃ©rie A,xe2u459M64k,@RicardoDemetrio,"Ã‰ de arrepiar... Que saudade do ZÃ© do Gol, que saudade do menino Lucca, que saudade desse time!",2
Eu Acredito - Filme do acesso do CriciÃºma E.C. a SÃ©rie A,xe2u459M64k,@sabrinacarradore6950,"To arrepiada, esse sim eu daria a vida para ver campeÃ£o, vamos vamos meu tigre!",4
Eu Acredito - Filme do acesso do CriciÃºma E.C. a SÃ©rie A,xe2u459M64k,@cabrone3,VocÃª nunca vai entender o que Ã© nossa paixÃ£o! Da-lhe TIGRE,1
Eu Acredito - Filme do acesso do CriciÃºma E.C. a SÃ©rie A,xe2u459M64k,@cade015deb02,SÃ³ quem Ã© Tigre entende!! ,4
Eu Acredito - Filme do acesso do CriciÃºma E.C. a SÃ©rie A,xe2u459M64k,@lcmcriciuma,Simplesmente de arrepiar. ,0
Eu Acredito - Filme do acesso do CriciÃºma E.C. a SÃ©rie A,xe2u459M64k,@leticiajeremias7937,"Muito legal o vÃ­deo ..ParabÃ©ns

",0
COM IMAGENS | BARRA FC 0 X 2 CRICIÃšMA | FINAL CATARINENSE SUB-20 2024 (JOGO DE VOLTA),AHZXjqdQLWg,@TiagoCardoso-ck2gz,Vamoo tigre tiago ivoti,1
COM IMAGENS | BARRA FC 0 X 2 CRICIÃšMA | FINAL CATARINENSE SUB-20 2024 (JOGO DE VOLTA),AHZXjqdQLWg,@jeancarlohenrique5399,TIGRE! ğŸ¯,0
COM IMAGENS | BARRA FC 0 X 2 CRICIÃšMA | FINAL CATARINENSE SUB-20 2024 (JOGO DE VOLTA),AHZXjqdQLWg,@josecarlosmachado9427,Com este time tem que ser campeÃ£o.,0
COM IMAGENS | BARRA FC 0 X 2 CRICIÃšMA | FINAL CATARINENSE SUB-20 2024 (JOGO DE VOLTA),AHZXjqdQLWg,@lucassm1,Entreguem as taÃ§as,0
COM IMAGENS | BARRA FC 0 X 2 CRICIÃšMA | FINAL CATARINENSE SUB-20 2024 (JOGO DE VOLTA),AHZXjqdQLWg,@JetLagRecords,"Tv Tigre | Estrelaâ­Bet, nice video you deserve more views",0
CRICIÃšMA 2x5 CUIABÃ - 6Âª RODADA BRASILEIRÃƒO 2024 (SEM IMAGENS),6jT3UoaSJp4,@edemilsonfraga26,NÃ£o tem como explicar essa derrota!  O time estÃ¡ fazendo gols e estÃ¡ tomando gols em quase todos os jogos!  Tem que ter sombra lÃ¡ atrÃ¡s!  NÃ£o sou CriciÃºma mas respeito toda a estrutura do tigre!,1
CRICIÃšMA 2x5 CUIABÃ - 6Âª RODADA BRASILEIRÃƒO 2024 (SEM IMAGENS),6jT3UoaSJp4,@saymontorcedortigre,nao deu pro tigrao mas o que importa Ã© que eles tentaram de tudo para empatar isso Ã© o mais importante dale tigreeeeeeee ğŸ’›ğŸ–¤ğŸ’›ğŸ–¤ğŸ¤ğŸ’›ğŸ–¤ğŸ¤,2
CRICIÃšMA 2x5 CUIABÃ - 6Âª RODADA BRASILEIRÃƒO 2024 (SEM IMAGENS),6jT3UoaSJp4,@luisgabrielsantosdeoliveira,ğŸ‘ğŸ‘ğŸ‘ğŸ‘ğŸ‘ğŸ‘ğŸ‘ğŸ‘ğŸ‘,0
CRICIÃšMA 2x5 CUIABÃ - 6Âª RODADA BRASILEIRÃƒO 2024 (SEM IMAGENS),6jT3UoaSJp4,@luisgabrielsantosdeoliveira,â¤â¤â¤â¤,0
ATHLETICO-PR 3x1 CRICIÃšMA - 8Âª RODADA BRASILEIRÃƒO 2024 (SEM IMAGENS),jF-BO5Va4KI,@LuizGabrielSantosdeOlive-by9bv,ğŸ‘ğŸ‘ğŸ‘ğŸ‘ğŸ‘ğŸ‘ğŸ‘ğŸ‘ğŸ‘,0
ATHLETICO-PR 3x1 CRICIÃšMA - 8Âª RODADA BRASILEIRÃƒO 2024 (SEM IMAGENS),jF-BO5Va4KI,@LuizGabrielSantosdeOlive-by9bv,ğŸ‘ğŸ‘ğŸ‘ğŸ‘ğŸ‘,0
Eu Acredito - CriciÃºma E. C.,3mRTFjQB0q8,@PatchFCMania,"Boa noite. Irei comeÃ§ar uma sÃ©rie no meu canal de FIFA modo carreira, onde farei com o time do cricÃ­uma. Queria saber se posso postar este vÃ­deo em meu canal, pois o youtube estÃ¡ com vÃ¡rios problemas de direitos autorais, vocÃªs me autorizam a postar este vÃ­deo em meu canal???",0
Eu Acredito - CriciÃºma E. C.,3mRTFjQB0q8,@maiconalano,"O ImpossÃ­vel se torna possÃ­vel quando acreditamos, levarei essa frase pro resto da vida e estou indo para FlorianÃ³polis acreditar no time do meu coraÃ§Ã£o, EU ACREDITO",0
Eu Acredito - CriciÃºma E. C.,3mRTFjQB0q8,@ehnois3045,"Site Ã© criciumaec com br e tem o facebook eh /criciumaec tambÃ©m. 
Vlw pelo apoio!",1
Eu Acredito - CriciÃºma E. C.,3mRTFjQB0q8,@rubensfanbrazilbass,Subimos Tigre!!,0
Eu Acredito - CriciÃºma E. C.,3mRTFjQB0q8,@edsonpadoin918,o campeÃ£o voltoooo,0
Eu Acredito - CriciÃºma E. C.,3mRTFjQB0q8,@aderbalt,"Chegamos lÃ¡!!!!
",0
Eu Acredito - CriciÃºma E. C.,3mRTFjQB0q8,@BrianFelipe,Acreditamos e subimos!!!!!!!!!!!,0
Eu Acredito - CriciÃºma E. C.,3mRTFjQB0q8,@aderbalt,"Moro no RS hÃ¡ 16 anos,  colorado, nascido em CriciÃºma, mas SEMPRE TIGRE!!!",0
Eu Acredito - CriciÃºma E. C.,3mRTFjQB0q8,@lucianozn11,"Eu sou Gremista mais mesmo assim adoro o CriciÃºma, dÃ£o joinha no comentÃ¡rio abaixo que fiz, se vocÃªs gostarem. Mesmo vocÃªs ganhando a Copa Do Brasil em cima do meu time, ainda admiro esse time de Santa Catarina, o maior de SC. imprensacriciuma, o CriciÃºma tem facebook oficial?",1
Eu Acredito - CriciÃºma E. C.,3mRTFjQB0q8,@lucianozn11,"Em 2012 na SÃ©rie A, o Ãºnico catarinense (Figueirense) Ã© rebaixado para a segunda divisÃ£o do futebol nacional, sÃ³ que em 2013 na SÃ©rie A, um sol bem amarelo e brilhante e Catarinense comeÃ§a a nascer, ele vem carregando a taÃ§a de CAMPEÃƒO BRASILEIRO DA SÃ‰RIE B 2012, esse Sol bem amarelo e brilhante, Ã© o maior time de Santa Catarina, o CriciÃºma, que veio pra SÃ©rie A, pra atrapalhar os grandes e fazer grandes resultados, sem dÃºvidas, rumo a tudo que Ã© possÃ­vel nesta SÃ©rie A, gostou? joinha!",0
Eu Acredito - CriciÃºma E. C.,3mRTFjQB0q8,@netinho121000,sou AtlÃ©tico-PR e acho o tigre muito foda GOGOGO tigre subi e n descer mais !,0
Eu Acredito - CriciÃºma E. C.,3mRTFjQB0q8,@arthurhssouza,"Mas que plÃ¡gio hein?
O video alem de ruim, ficou muito copiado!
vejam o do America Mineiro, um time para poucos",0
Eu Acredito - CriciÃºma E. C.,3mRTFjQB0q8,@renatonelsim,VERGONHAAAAAAAAAA!!! PLAGIARAM BONITOOO!,0
Eu Acredito - CriciÃºma E. C.,3mRTFjQB0q8,@alanklayner1,"AmÃ©rica Ã© dono do IndependÃªncia cara. O CriciÃºma nÃ£o precisava copiar o video do AmÃ©rica, acabou nÃ£o fazendo muito sentido, pois atÃ© onde eu sei a torcida do CriciÃºma Ã© maior que do Figueirense e AvaÃ­, entÃ£o ficou meio estranho",0
Eu Acredito - CriciÃºma E. C.,3mRTFjQB0q8,@alanklayner1,"que plagio feio hein!Copia do video do AmÃ©rica-MG ""AmÃ©rica, um time para poucos"".",0
Eu Acredito - CriciÃºma E. C.,3mRTFjQB0q8,@joaozin1995,PLAGIO RIDICULO,0
Eu Acredito - CriciÃºma E. C.,3mRTFjQB0q8,@MrPLANI,torcedor do criciuma perguntando isso Ã© atÃ© piada...,0
Eu Acredito - CriciÃºma E. C.,3mRTFjQB0q8,@v1c3nt3999,"EU ACREDITO!!!!!
SÃ©rie A
onde nunca devemos ter saido!!!!
sempre Tricolor!!!!!",0
Eu Acredito - CriciÃºma E. C.,3mRTFjQB0q8,@THI1239,EU ACREDITO DALHE TIGREE,0
Eu Acredito - CriciÃºma E. C.,3mRTFjQB0q8,@piragibe28,"DALHE TIGRE
EU ACREDITO",0
Eu Acredito - CriciÃºma E. C.,3mRTFjQB0q8,@vitor99justino,O TIME DE SANTA CATARINA!,0
Eu Acredito - CriciÃºma E. C.,3mRTFjQB0q8,@deucher1000,Dalhe tigre !!!!,0
Eu Acredito - CriciÃºma E. C.,3mRTFjQB0q8,@tigreufsc,"De fato, ultimamente ta foda mesmo. SÃ³ com videozinho para animar mesmo. PorÃ©m... eu acredito, da-lhe tigre. Nosso time de amor, alma, garra e coraÃ§Ã£o!",0
Eu Acredito - CriciÃºma E. C.,3mRTFjQB0q8,@JAViewer,Ã‰ HORA DE APOIAR! DÃ-LHE TIGRE!,0
Eu Acredito - CriciÃºma E. C.,3mRTFjQB0q8,@pmudo,Vamos Subir Tigreeee... EEEEEEEE,0
Eu Acredito - CriciÃºma E. C.,3mRTFjQB0q8,@bennymillencolin,"Como diz Steve Jobs ""NÃ£o me preocupo em copiar grandes ideÃ­as""

",1
Eu Acredito - CriciÃºma E. C.,3mRTFjQB0q8,@bennymillencolin,VAMO SUBIR TIGRE!!!,0
Eu Acredito - CriciÃºma E. C.,3mRTFjQB0q8,@bennymillencolin,"NOssa mas tem gente que sÃ³ reclama! pela mor! Galera amarga pra caramba.

Vamos Subir Tigre!!
",0
Eu Acredito - CriciÃºma E. C.,3mRTFjQB0q8,@potrikus,"bando de chato. Quem disse que o amÃ©rica nao copiou tambÃ©m? 

",0
Eu Acredito - CriciÃºma E. C.,3mRTFjQB0q8,@colorado5327,No dia em que contratar jogadores descentes talvez chegue a sÃ©rie A,0
Eu Acredito - CriciÃºma E. C.,3mRTFjQB0q8,@lucianobitencourtf,"Simplesmente lindoooo. #CRICIUMAECTUESGRANDE , a inveja dos outros nos anima mais...",0
Eu Acredito - CriciÃºma E. C.,3mRTFjQB0q8,@felipezimm,NÃ£o vi nada de cÃ³pia,0
Eu Acredito - CriciÃºma E. C.,3mRTFjQB0q8,@alexandrelopes5344,"kkkkkkkkk..........que piadaaaaaaa.....eu racho o bicooooooo,kkkkkkkkkkkkkk..coisa horrorosa,basta ver o animo desse mascote medonho.apenas ele no curral,kkkkkkkkk.........",0
Eu Acredito - CriciÃºma E. C.,3mRTFjQB0q8,@MegaFabio1970,"Sou Tigre, mas esta frase Ã© ridicula no minimo infeliz tenho 42 anos e isso me faz lembrar do Sarney Eu Acredito do plano cruzado lÃ¡ dos anos 80, as ""veias"" fiscais do Sarney que invadiam supermercados que remarcavam preÃ§os Ã©poca de inflaÃ§Ã£o altissima, agora vamos ser fiscais do CriciÃºma, sinceramente eu nÃ£o acredito se nÃ£o ouver time porque amontoados de jogadores nÃ³s jÃ¡ vimos no catarinense...com essa frase rumo a sÃ©rie C.",0
"Estamos na fina do Futebol Fantasia, a competiÃ§Ã£o dos mascotes! ğŸ‘ŠğŸ¯ #criciÃºmaec #mascote #tigrÃ£o",nh69q-9BWeE,@paulocoelho7536,"Na prova de hoje o mascote do Vasco trapaceiro...o uniforme Ã© composto de bota coturno...na hora do chute ele fica de tÃªnis...as baleias ficam do mesmo jeito...
Trapaceiro o mascote do Vasco",0
"Estamos na fina do Futebol Fantasia, a competiÃ§Ã£o dos mascotes! ğŸ‘ŠğŸ¯ #criciÃºmaec #mascote #tigrÃ£o",nh69q-9BWeE,@saymontorcedortigre,O melhor mascote do mundo o tigreeeeee ğŸ’›ğŸ–¤ğŸ¤ğŸ’›ğŸ–¤ğŸ¤ğŸ’›ğŸ–¤ğŸ¤ğŸ’›ğŸ–¤ğŸ’›,0
"Estamos na fina do Futebol Fantasia, a competiÃ§Ã£o dos mascotes! ğŸ‘ŠğŸ¯ #criciÃºmaec #mascote #tigrÃ£o",nh69q-9BWeE,@Acaciocardosinho,Quando que aconteceu isso,0
"Estamos na fina do Futebol Fantasia, a competiÃ§Ã£o dos mascotes! ğŸ‘ŠğŸ¯ #criciÃºmaec #mascote #tigrÃ£o",nh69q-9BWeE,@Cristianipizzonimotta,esse Ã© meu mascote TigrÃ£o ğŸ¯ğŸ¯ğŸ¯ğŸ¯,2
"Estamos na fina do Futebol Fantasia, a competiÃ§Ã£o dos mascotes! ğŸ‘ŠğŸ¯ #criciÃºmaec #mascote #tigrÃ£o",nh69q-9BWeE,@daviaugusto5287,Eu vi essa reportagem hoje,0
"Estamos na fina do Futebol Fantasia, a competiÃ§Ã£o dos mascotes! ğŸ‘ŠğŸ¯ #criciÃºmaec #mascote #tigrÃ£o",nh69q-9BWeE,@SCARFACEGAMEPLAYS26,Esse Ã© o meu mascote kkkkkkkkk,1
"Estamos na fina do Futebol Fantasia, a competiÃ§Ã£o dos mascotes! ğŸ‘ŠğŸ¯ #criciÃºmaec #mascote #tigrÃ£o",nh69q-9BWeE,@jeancarlohenrique5399,Pra cima deles TIGRÃƒO! ğŸ¯,2
"Estamos na fina do Futebol Fantasia, a competiÃ§Ã£o dos mascotes! ğŸ‘ŠğŸ¯ #criciÃºmaec #mascote #tigrÃ£o",nh69q-9BWeE,@lazarosiri,TigrÃ£o Ã© gigante,2
CRICIÃšMA 1x0 CRUZEIRO - 14Âª RODADA BRASILEIRÃƒO 2024 (SEM IMAGENS),F-t5a4Wxl-I,@pedrofelipe1130,DÃ¡-lhe tigre,2
CRICIÃšMA 1x0 CRUZEIRO - 14Âª RODADA BRASILEIRÃƒO 2024 (SEM IMAGENS),F-t5a4Wxl-I,@TrizetaTiaraju,Vamos tigre,3
CRICIÃšMA 0 x 2 BAHIA | 3Âª FASE COPA DO BRASIL 2024 (SEM IMAGENS) #COPADOBRASIL,jNapJUE1Xkc,@alessandromateus3866,"SaudaÃ§Ãµes tricolores do maior do Norte Nordeste, enfrentamos uma boa equipe, time bom , bem ajustado, desejamos boa sorte ao CriciÃºma., principalmente contra o nosso rival.",6
AO VIVO ğŸ”´ | CRICIÃšMA X SPORT COPA CRICIÃšMA  | ESTRELAâ­BET,PkwsG3gGx18,@libiapazcarneiro9188,ParabÃ©ns meninos show...,0
AO VIVO ğŸ”´ | CRICIÃšMA X SPORT COPA CRICIÃšMA  | ESTRELAâ­BET,PkwsG3gGx18,@FabianoCorrea-j4y,Meus parabÃ©ns JoÃ£o vitor pela sua atuaÃ§Ã£o. ğŸ‘ğŸ‘ğŸ‘,0
COM IMAGENS | CRICIÃšMA 0x1 BARRA FC | FINAL CATARINENSE SUB-20 2024 (JOGO DE IDA),QS0GYYi3I34,@marcosbruno5983,"Ta a tropa assistir o lira10, manda abraÃ§o aos guri da casa do JoÃ£o Marcelo",0
COM IMAGENS | CRICIÃšMA 0x1 BARRA FC | FINAL CATARINENSE SUB-20 2024 (JOGO DE IDA),QS0GYYi3I34,@marciojosesilva3352,ForÃ§a tigrinhos. Vamos vir classificados no segundo jogo.,1
COM IMAGENS | CRICIÃšMA 0x1 BARRA FC | FINAL CATARINENSE SUB-20 2024 (JOGO DE IDA),QS0GYYi3I34,@sandrastreit,Boa noite a todos,0
COM IMAGENS | CRICIÃšMA 0x1 BARRA FC | FINAL CATARINENSE SUB-20 2024 (JOGO DE IDA),QS0GYYi3I34,@sandrastreit,Manda nÃºmero pra entrar em contato,0
AO VIVO ğŸ”´ | CRICIÃšMA X TALLERES COPA CRICIÃšMA SUB 17  | ESTRELAâ­BET,UEb-p5XvC_0,@ramonmrotskoski7221,Legal o torcedor argentino emocionado com a sua terra Natal  ParabÃ©ns tabelando pela cobertura,0
ATLÃ‰TICO-MG 1 x 1 CRICIÃšMA - 2Âª RODADA BRASILEIRÃƒO 2024 (SEM IMAGENS),4cwcoQ0pOJY,@ramonferrari9506,ğŸ’›ğŸ¤ğŸ–¤âœ…ï¸,3
CRICIÃšMA 1x0 RB BRAGANTINO - 19Âª RODADA BRASILEIRÃƒO 2024 (SEM IMAGENS),_za9PwzpnHA,@imperiohits,ParabÃ©ns pela TransmissÃ£o TV Tigre ğŸ… CriciÃºma 1 X 0 Redbull Bragantino,1
BASTIDORES  | VASCO 0 x 4 CRICIÃšMA | 4Âª RODADA BRASILEIRÃƒO 2024,wjjQSy96YaU,@josezequinha2061,Vim aqui ver esses bastidores.,0
BASTIDORES  | VASCO 0 x 4 CRICIÃšMA | 4Âª RODADA BRASILEIRÃƒO 2024,wjjQSy96YaU,@galodoiso,Eu sou atleticano e respeito o CriciÃºma igual respeito o vasco o CriciÃºma tem tudo pra dar certo esse ano,5
BASTIDORES  | VASCO 0 x 4 CRICIÃšMA | 4Âª RODADA BRASILEIRÃƒO 2024,wjjQSy96YaU,@loianesoares2955,Nussss vim conferir esse atropelo e me deparei com uma obra prima,3
BASTIDORES  | VASCO 0 x 4 CRICIÃšMA | 4Âª RODADA BRASILEIRÃƒO 2024,wjjQSy96YaU,@jeancarlohenrique5399,"CRICIÃšMA ESPORTE CLUBE!
TIGRE!  ğŸ¯",1
BASTIDORES  | VASCO 0 x 4 CRICIÃšMA | 4Âª RODADA BRASILEIRÃƒO 2024,wjjQSy96YaU,@ErickBryan-z4y,Sou torcedor do Vasco mas foi merecido a vitÃ³ria,1
BASTIDORES  | VASCO 0 x 4 CRICIÃšMA | 4Âª RODADA BRASILEIRÃƒO 2024,wjjQSy96YaU,@marleyfortunato952,"Bom dia! Sou botafoguense e gosto muito do CriciÃºma, do meu camarada Paulo Estrela. Foi uma vitoria para entrar para a historia! Desejo que o time faÃ§o um excelente Campeonato Brasileiro e Copa do Brasil!!",4
BASTIDORES  | VASCO 0 x 4 CRICIÃšMA | 4Âª RODADA BRASILEIRÃƒO 2024,wjjQSy96YaU,@marcelcosta3416,"FamÃ­lia tencati 
Da gosto de ver....",1
BASTIDORES  | VASCO 0 x 4 CRICIÃšMA | 4Âª RODADA BRASILEIRÃƒO 2024,wjjQSy96YaU,@showsefutebol,Rumo aos Objetivos.,3
BASTIDORES  | VASCO 0 x 4 CRICIÃšMA | 4Âª RODADA BRASILEIRÃƒO 2024,wjjQSy96YaU,@lucassilvabas223,"CRUZEIRO Y CRICIUMA, ABRAÃ‡OS IRMAOS DE SC!!!",3
BASTIDORES  | VASCO 0 x 4 CRICIÃšMA | 4Âª RODADA BRASILEIRÃƒO 2024,wjjQSy96YaU,@marcelocorrea8045,Baita vÃ­deo!,1
BASTIDORES  | VASCO 0 x 4 CRICIÃšMA | 4Âª RODADA BRASILEIRÃƒO 2024,wjjQSy96YaU,@frsperandio,"Baita video, emocionante, parabÃ©ns!!!",0
BASTIDORES  | VASCO 0 x 4 CRICIÃšMA | 4Âª RODADA BRASILEIRÃƒO 2024,wjjQSy96YaU,@guilhermerodrigues7858,SEGURA O BOLASIE ğŸ‰ğŸ‰ğŸ‰ğŸ‰,5
BASTIDORES  | VASCO 0 x 4 CRICIÃšMA | 4Âª RODADA BRASILEIRÃƒO 2024,wjjQSy96YaU,@adrianosilvasoares9397,"Sou daqui de SC, o nosso Ãºnico representante de SC pelo BrasileirÃ£o Serie A. Pra cima deles Tigre. Que vitoria maravilhosa. Criciuma jogou com forÃ§a e vontade. ParabÃ©ns",2
BASTIDORES  | VASCO 0 x 4 CRICIÃšMA | 4Âª RODADA BRASILEIRÃƒO 2024,wjjQSy96YaU,@MichelCarlos-w1d,"Vdd ,parabÃ©ns ao tencate!!
Quem sÃ£os os meias reservas do marquinhos e Felipe Matheus?",0
BASTIDORES  | VASCO 0 x 4 CRICIÃšMA | 4Âª RODADA BRASILEIRÃƒO 2024,wjjQSy96YaU,@andreid.m.289,AlcanÃ§aremos nossos objetivos!!,0
BASTIDORES  | VASCO 0 x 4 CRICIÃšMA | 4Âª RODADA BRASILEIRÃƒO 2024,wjjQSy96YaU,@exhumanoinmortalz2826,Bora Bahia minha porra... MD2 na trilha sonora foi sensacional.,0
BASTIDORES  | VASCO 0 x 4 CRICIÃšMA | 4Âª RODADA BRASILEIRÃƒO 2024,wjjQSy96YaU,@Tomahhawks,"Bora pra cima! Hoje Ã© um empate lÃ¡ na Bahia ta bom, no jogo da volta o bixo pega pra eles! Bammmoooo Tigreeeee!!!!",1
BASTIDORES  | VASCO 0 x 4 CRICIÃšMA | 4Âª RODADA BRASILEIRÃƒO 2024,wjjQSy96YaU,@evertonberti9308,"Que ediÃ§Ã£o absurda, video fodaaa",0
BASTIDORES  | VASCO 0 x 4 CRICIÃšMA | 4Âª RODADA BRASILEIRÃƒO 2024,wjjQSy96YaU,@werlensil476,esse jogo foi epico o criciÃºma  sÃ³ fez gol lindo Ã© o bolasie fez chover ğŸ˜‚ğŸ˜‚dale tigre ğŸ¯ğŸ¯,4
BASTIDORES  | VASCO 0 x 4 CRICIÃšMA | 4Âª RODADA BRASILEIRÃƒO 2024,wjjQSy96YaU,@VincentTshisuaka,Yannick bolasie machine,0
BASTIDORES  | VASCO 0 x 4 CRICIÃšMA | 4Âª RODADA BRASILEIRÃƒO 2024,wjjQSy96YaU,@GabrielPiassetta,Podem me confirmar se essa obra foi realmente dirigida por Martin Scorsese?,0
BASTIDORES  | VASCO 0 x 4 CRICIÃšMA | 4Âª RODADA BRASILEIRÃƒO 2024,wjjQSy96YaU,@MarcoAntonio_ds,"Ã‰ O MAIOR DE SANTA CATARINA!
ğŸŸ¡âšªâš«",0
BASTIDORES  | VASCO 0 x 4 CRICIÃšMA | 4Âª RODADA BRASILEIRÃƒO 2024,wjjQSy96YaU,@ShadowZinerGames,Sou santista e vim aqui prestigiar a vitÃ³ria do Tigre!! ParabÃ©ns a todos os envolvidos. Minha torcida no BrasileirÃ£o vai ser pro Tigre alcanÃ§ar grandes objetivos! AbraÃ§os a todos os torcedores.,10
BASTIDORES  | VASCO 0 x 4 CRICIÃšMA | 4Âª RODADA BRASILEIRÃƒO 2024,wjjQSy96YaU,@edu5826,"Fico imaginado o  Bolasie boiando no vestiÃ¡rio nÃ£o entendendo nada que tÃ£o falando, de certo ele pensou: Acho que mandaram eu ir pra cima dos caras e ainda fazer o passinho do Michael Jackson kkk. Desculpa aÃ­ Vasco Ã© que ele ainda nÃ£o  entende portuguÃªs",0
BASTIDORES  | VASCO 0 x 4 CRICIÃšMA | 4Âª RODADA BRASILEIRÃƒO 2024,wjjQSy96YaU,@vitorhugo-on9kp,"acompanhando aqui de jaraguÃ¡ do sul-sc, boa sorte na temporada tigre ğŸ¯",2
BASTIDORES  | VASCO 0 x 4 CRICIÃšMA | 4Âª RODADA BRASILEIRÃƒO 2024,wjjQSy96YaU,@douglasfernandesperico3517,Que baita vÃ­deo! ParabÃ©ns,0
BASTIDORES  | VASCO 0 x 4 CRICIÃšMA | 4Âª RODADA BRASILEIRÃƒO 2024,wjjQSy96YaU,@mauriciovitorio8042,"Alma, garra e CoraÃ§Ã£o, esse Ã© o meu Criciuma!!",3
BASTIDORES  | VASCO 0 x 4 CRICIÃšMA | 4Âª RODADA BRASILEIRÃƒO 2024,wjjQSy96YaU,@maogk66,Lindos demais!,2
BASTIDORES  | VASCO 0 x 4 CRICIÃšMA | 4Âª RODADA BRASILEIRÃƒO 2024,wjjQSy96YaU,@Gustavo-yu4ts,"Baitaaaa produÃ§Ã£o, vamos tigre!!!",2
BASTIDORES  | VASCO 0 x 4 CRICIÃšMA | 4Âª RODADA BRASILEIRÃƒO 2024,wjjQSy96YaU,@Pedro.Rocha.33,"AliÃ¡s bela goleada, parabuains",3
BASTIDORES  | VASCO 0 x 4 CRICIÃšMA | 4Âª RODADA BRASILEIRÃƒO 2024,wjjQSy96YaU,@rosemerilima7249,â¤,0
BASTIDORES  | VASCO 0 x 4 CRICIÃšMA | 4Âª RODADA BRASILEIRÃƒO 2024,wjjQSy96YaU,@alanfilho4085,Pra cima,1
BASTIDORES  | VASCO 0 x 4 CRICIÃšMA | 4Âª RODADA BRASILEIRÃƒO 2024,wjjQSy96YaU,@mauriciop327,Acompanho de Erechim RS.,2
BASTIDORES  | VASCO 0 x 4 CRICIÃšMA | 4Âª RODADA BRASILEIRÃƒO 2024,wjjQSy96YaU,@brunobrolese,GIGANTE! Vamossss,2
BASTIDORES  | VASCO 0 x 4 CRICIÃšMA | 4Âª RODADA BRASILEIRÃƒO 2024,wjjQSy96YaU,@Icaro_Barreto21,"PAIS DO BASQUINHO!!! ParabÃ©ns. jogaram muito!!!

ğŸŸ©ğŸŸ¥FLUğŸ¤TIGRE ğŸ¯",19
BASTIDORES  | VASCO 0 x 4 CRICIÃšMA | 4Âª RODADA BRASILEIRÃƒO 2024,wjjQSy96YaU,@ademarfelisbino1508,Show,0
BASTIDORES  | VASCO 0 x 4 CRICIÃšMA | 4Âª RODADA BRASILEIRÃƒO 2024,wjjQSy96YaU,@airtondalmagro,Essa intro tÃ¡ melhor que muito filme de aÃ§Ã£o!,2
BASTIDORES  | VASCO 0 x 4 CRICIÃšMA | 4Âª RODADA BRASILEIRÃƒO 2024,wjjQSy96YaU,@layonfreitas,Que TIME Senhores ğŸ¯,0
BASTIDORES  | VASCO 0 x 4 CRICIÃšMA | 4Âª RODADA BRASILEIRÃƒO 2024,wjjQSy96YaU,@fatosincriveis6428,ğŸ’•,1
BASTIDORES  | VASCO 0 x 4 CRICIÃšMA | 4Âª RODADA BRASILEIRÃƒO 2024,wjjQSy96YaU,@fatosincriveis6428,ğŸ’•,1
BASTIDORES  | VASCO 0 x 4 CRICIÃšMA | 4Âª RODADA BRASILEIRÃƒO 2024,wjjQSy96YaU,@nenopizzolo7384,"A oratÃ³ria do Tencate Ã© absurda, Ã© um baita profissional, inteligentÃ­ssimoâ€¦ğŸ§ ğŸ‘ğŸ¼ğŸ‘ğŸ¼ğŸ‘ğŸ¼ğŸ‘ğŸ¼ğŸ™ŒğŸ¼ğŸ™ŒğŸ¼ğŸ™ŒğŸ¼ğŸŸ¡âšªï¸âš«ï¸",18
BASTIDORES  | VASCO 0 x 4 CRICIÃšMA | 4Âª RODADA BRASILEIRÃƒO 2024,wjjQSy96YaU,@erikborgesvieira2382,Da-lhe Tigre!!!,0
BASTIDORES  | VASCO 0 x 4 CRICIÃšMA | 4Âª RODADA BRASILEIRÃƒO 2024,wjjQSy96YaU,@maiconcardosomatos7636,"De arrepiar, ediÃ§Ã£o do vÃ­deo ficou animal, parabÃ©ns aos envolvidos.",3
BASTIDORES  | VASCO 0 x 4 CRICIÃšMA | 4Âª RODADA BRASILEIRÃƒO 2024,wjjQSy96YaU,@Eduardo-yr1pd,Boa tigrÃ£o espero que faÃ§a uma boa campanha do campeonato Brasileiro saudaÃ§Ãµes colorado ğŸ‡¦ğŸ‡¹ğŸ‡¦ğŸ‡¹ğŸ‡¦ğŸ‡¹ğŸ‡¦ğŸ‡¹ğŸ‡¦ğŸ‡¹,5
BASTIDORES  | VASCO 0 x 4 CRICIÃšMA | 4Âª RODADA BRASILEIRÃƒO 2024,wjjQSy96YaU,@feliperea3024,"parabens pelo trabalho tencati, sou teu fÃ£. o senhor, eu e o paranÃ¡ inteiro sabe que um dia treinarÃ¡ o CAP. boa sorte na carreira e ao tigre na seria A deste ano.",2
BASTIDORES  | VASCO 0 x 4 CRICIÃšMA | 4Âª RODADA BRASILEIRÃƒO 2024,wjjQSy96YaU,@nathanzanelato,"Saiu de graÃ§a 4x0 pro Poderoso VAXCÃƒO, cabia uns 7 kkkkkkkkkkkkkkkkkkkk DALHE TIGREEE",0
BASTIDORES  | VASCO 0 x 4 CRICIÃšMA | 4Âª RODADA BRASILEIRÃƒO 2024,wjjQSy96YaU,@Kawannz66,"Sou palmeirense mais vcs estÃ£o de parabÃ©ns,  ainda vÃ£o fazer histÃ³ria na sÃ©rie A ğŸ‘ğŸ‘ğŸ‘",12
BASTIDORES  | VASCO 0 x 4 CRICIÃšMA | 4Âª RODADA BRASILEIRÃƒO 2024,wjjQSy96YaU,@fernando89augusto,"EspetÃ¡culo... ğŸ–¤ğŸ’›,ğŸ¯",2
BASTIDORES  | VASCO 0 x 4 CRICIÃšMA | 4Âª RODADA BRASILEIRÃƒO 2024,wjjQSy96YaU,@CarvoeiroDoenteTV,Sensacional!,3
BASTIDORES  | VASCO 0 x 4 CRICIÃšMA | 4Âª RODADA BRASILEIRÃƒO 2024,wjjQSy96YaU,@supremein5342,"EdiÃ§Ã£o tÃ¡ dando aula, mas tem q postar um pouco mais cedo pra ajudar no alcance",3
BASTIDORES  | VASCO 0 x 4 CRICIÃšMA | 4Âª RODADA BRASILEIRÃƒO 2024,wjjQSy96YaU,@pedrofortulino,lindo de ver esse elenco unido ğŸ¯ğŸ‘ pra cima tigre!!,2
BASTIDORES  | VASCO 0 x 4 CRICIÃšMA | 4Âª RODADA BRASILEIRÃƒO 2024,wjjQSy96YaU,@GuilhermeGrassi,Que vÃ­deo incrÃ­vel! ğŸ‘ğŸ»ğŸ‘ğŸ»ğŸ‘ğŸ» Dalhe Tigre ğŸ¯,1
BASTIDORES  | VASCO 0 x 4 CRICIÃšMA | 4Âª RODADA BRASILEIRÃƒO 2024,wjjQSy96YaU,@felipemarinho1827,"Muito bom o vÃ­deo, parabÃ©ns para todos que trabalharam nele!

Para cima, Tigre",3
BASTIDORES  | VASCO 0 x 4 CRICIÃšMA | 4Âª RODADA BRASILEIRÃƒO 2024,wjjQSy96YaU,@Dadovogel,ParabÃ©ns a todo elenco pelo Ã³timo resultado dentro de campo e a equipe de marketing pelos registros com maestria!!,5
BASTIDORES  | VASCO 0 x 4 CRICIÃšMA | 4Âª RODADA BRASILEIRÃƒO 2024,wjjQSy96YaU,@vagner_rodrigues,Que vÃ­deo incrÃ­vel!,1
BASTIDORES  | VASCO 0 x 4 CRICIÃšMA | 4Âª RODADA BRASILEIRÃƒO 2024,wjjQSy96YaU,@ohmygin6334,ğŸ¯ğŸ’ª,0
BASTIDORES  | VASCO 0 x 4 CRICIÃšMA | 4Âª RODADA BRASILEIRÃƒO 2024,wjjQSy96YaU,@MarlonPizzoni,"HONRARAM A CIDADE E TORCIDA!!! VAMOS POR MAIS, TIGREEEEE!!!",4
BASTIDORES  | VASCO 0 x 4 CRICIÃšMA | 4Âª RODADA BRASILEIRÃƒO 2024,wjjQSy96YaU,@arthurrsb,vÃ­deo ficou muito pica,0
BASTIDORES  | VASCO 0 x 4 CRICIÃšMA | 4Âª RODADA BRASILEIRÃƒO 2024,wjjQSy96YaU,@joaozanette7168,VAMOOOOOO,0
BASTIDORES  | VASCO 0 x 4 CRICIÃšMA | 4Âª RODADA BRASILEIRÃƒO 2024,wjjQSy96YaU,@alexandrefrancisco3127,ğŸš€ğŸš€ğŸš€ğŸš€,1
BASTIDORES  | VASCO 0 x 4 CRICIÃšMA | 4Âª RODADA BRASILEIRÃƒO 2024,wjjQSy96YaU,@libiapazcarneiro9188,Grandes coisas o Senhor  faz por nÃ³s.  GratidÃ£o  Ã   Deus por todas  essas Maravilhas. CoraÃ§Ã£o agradecido â¤,4
BASTIDORES  | VASCO 0 x 4 CRICIÃšMA | 4Âª RODADA BRASILEIRÃƒO 2024,wjjQSy96YaU,@marceldalbo1058,"Porraaa, que video meus amigos. Eu Amo o Tencatti. Ele Ã© foda demais.",3
BASTIDORES  | VASCO 0 x 4 CRICIÃšMA | 4Âª RODADA BRASILEIRÃƒO 2024,wjjQSy96YaU,@renanbraz6069,Muito foda!! Orgulho de ser carvoeiro,1
BASTIDORES  | VASCO 0 x 4 CRICIÃšMA | 4Âª RODADA BRASILEIRÃƒO 2024,wjjQSy96YaU,@9685doguinha,VAMOOOO TIGREEE,0
BASTIDORES  | VASCO 0 x 4 CRICIÃšMA | 4Âª RODADA BRASILEIRÃƒO 2024,wjjQSy96YaU,@otaviolucio9874,Ã“timo bastidores ğŸ‘ğŸ»ğŸ‘ğŸ»ğŸ‘ğŸ»,0
BASTIDORES  | VASCO 0 x 4 CRICIÃšMA | 4Âª RODADA BRASILEIRÃƒO 2024,wjjQSy96YaU,@tigre_33,por mais videos assim â¤,1
BASTIDORES  | VASCO 0 x 4 CRICIÃšMA | 4Âª RODADA BRASILEIRÃƒO 2024,wjjQSy96YaU,@RonaldCipriVideos,"tanto na preleÃ§Ã£o quanto ali um pouco antes de entrar em campo, como Ã© feito para os estrangeiros entender o portuguÃªs? em especial para o bolasie? alguÃ©m traduz a eles?",0
BASTIDORES  | VASCO 0 x 4 CRICIÃšMA | 4Âª RODADA BRASILEIRÃƒO 2024,wjjQSy96YaU,@thiagosantos7018,"Que garra time, Ã© isso aÃ­.",0
BASTIDORES  | VASCO 0 x 4 CRICIÃšMA | 4Âª RODADA BRASILEIRÃƒO 2024,wjjQSy96YaU,@marla7569,"Quero ser a primeira a comentar: ESSE TIME PROMETE. ESTÃƒO MUITO UNIDOS. ISSO FAZ UMA GRANDE DIFERENÃ‡A!

â€œSONHO QUE SE SONHA SÃ“, Ã‰ SÃ“ UM SONHO. SONHO QUE SE SONHA JUNTO Ã‰ REALIDADEâ€

Simples assim!!!!

PARABÃ‰NS A TODA A EQUIPE DO TIGRE! 

SÃƒO TODOS MERECEDORES!",2
BASTIDORES  | VASCO 0 x 4 CRICIÃšMA | 4Âª RODADA BRASILEIRÃƒO 2024,wjjQSy96YaU,@tiagomenezes9913,Jogaram muito! Vamos Tigre!!!,2
BASTIDORES  | VASCO 0 x 4 CRICIÃšMA | 4Âª RODADA BRASILEIRÃƒO 2024,wjjQSy96YaU,@gustavosilvr,"Que baita vÃ­deo, parabÃ©ns Ã  equipe de marketing!",3
BASTIDORES  | VASCO 0 x 4 CRICIÃšMA | 4Âª RODADA BRASILEIRÃƒO 2024,wjjQSy96YaU,@marcelo145145145,"Confesso que nÃ£o gosto muito de assistir bastidores, mas esse arrepiou... ğŸ¯ğŸ”¥ğŸ”¥",5
BASTIDORES  | VASCO 0 x 4 CRICIÃšMA | 4Âª RODADA BRASILEIRÃƒO 2024,wjjQSy96YaU,@abelhasnativasdobrasil2273,ğŸ‘ğŸ»ğŸ‘ğŸ»ğŸ‘ğŸ»ğŸ‘ğŸ»ğŸ¯ğŸ¯,0
BASTIDORES  | VASCO 0 x 4 CRICIÃšMA | 4Âª RODADA BRASILEIRÃƒO 2024,wjjQSy96YaU,@leonardoenrico,VitÃ³ria monstruosa!!!!,3
BASTIDORES  | VASCO 0 x 4 CRICIÃšMA | 4Âª RODADA BRASILEIRÃƒO 2024,wjjQSy96YaU,@jadermendes5658,Gostei da trilha do Marcelo D2! Chama o Gilberto! Kkkk,3
BASTIDORES  | VASCO 0 x 4 CRICIÃšMA | 4Âª RODADA BRASILEIRÃƒO 2024,wjjQSy96YaU,@jadermendes5658,Como disse o professor Tencati: Planos grandes para o CriciÃºma. ConfianÃ§a total nesse time! Vamos pra cima pessoal!,7
BASTIDORES  | VASCO 0 x 4 CRICIÃšMA | 4Âª RODADA BRASILEIRÃƒO 2024,wjjQSy96YaU,@carlosrobertoribeiro86,AmÃ©m,0
BASTIDORES  | VASCO 0 x 4 CRICIÃšMA | 4Âª RODADA BRASILEIRÃƒO 2024,wjjQSy96YaU,@lovadeuss,Show!,1
BASTIDORES  | VASCO 0 x 4 CRICIÃšMA | 4Âª RODADA BRASILEIRÃƒO 2024,wjjQSy96YaU,@djlucascruz3088,ğŸ‘ğŸ»ğŸ‘ğŸ»ğŸ‘ğŸ»ğŸ‘ğŸ»ğŸ™ğŸ¼,0
BASTIDORES  | VASCO 0 x 4 CRICIÃšMA | 4Âª RODADA BRASILEIRÃƒO 2024,wjjQSy96YaU,@hofmannbr,"Amazing! Great match. Congrats to CriciÃºma, all players, and team ... BOLASIE played very well, and everybody knows he is a showman for the soccer.",22
BASTIDORES  | VASCO 0 x 4 CRICIÃšMA | 4Âª RODADA BRASILEIRÃƒO 2024,wjjQSy96YaU,@andreieufrazio7423,Orgulho desse time ğŸ’ªğŸ¾,3
BASTIDORES  | VASCO 0 x 4 CRICIÃšMA | 4Âª RODADA BRASILEIRÃƒO 2024,wjjQSy96YaU,@pedro.burigo,Foda,0
BASTIDORES  | VASCO 0 x 4 CRICIÃšMA | 4Âª RODADA BRASILEIRÃƒO 2024,wjjQSy96YaU,@Leo-zk7cx,"Mister Tencati manda muito no discurso, muito profissional ğŸ‘ğŸ½",4
BASTIDORES  | VASCO 0 x 4 CRICIÃšMA | 4Âª RODADA BRASILEIRÃƒO 2024,wjjQSy96YaU,@victorcri,RESPEITEM O MAIOR DE SANTA CATARINA!,0
BASTIDORES  | VASCO 0 x 4 CRICIÃšMA | 4Âª RODADA BRASILEIRÃƒO 2024,wjjQSy96YaU,@victorcri,Vamos tigreeeee!!!! ğŸ–¤ğŸ¤ğŸ’›,0
BASTIDORES  | VASCO 0 x 4 CRICIÃšMA | 4Âª RODADA BRASILEIRÃƒO 2024,wjjQSy96YaU,@gustavobraglia9532,"HistÃ³rico! Cenas de bastidores incrÃ­veis, parabÃ©ns pelo material, colocando muito time de sÃ©rie A no chinelo ğŸ¤©ğŸ¥°ğŸ‘",3
BASTIDORES  | VASCO 0 x 4 CRICIÃšMA | 4Âª RODADA BRASILEIRÃƒO 2024,wjjQSy96YaU,@Xandyluh,Fui assistir um vÃ­deo e vi uma mega produÃ§Ã£o...,6
BASTIDORES  | VASCO 0 x 4 CRICIÃšMA | 4Âª RODADA BRASILEIRÃƒO 2024,wjjQSy96YaU,@renanps6498,ğŸš€ğŸš€ğŸš€,0
BASTIDORES  | VASCO 0 x 4 CRICIÃšMA | 4Âª RODADA BRASILEIRÃƒO 2024,wjjQSy96YaU,@DjonataMedeirosamorin,ParabÃ©ns CriciÃºma por estÃ¡ proporcionando esses momentos para nossa cidade e nossa torcida forÃ§a e garra por essa camisa e por essa cidade ğŸ‘ğŸ½ğŸ‘ğŸ½ğŸ‘ğŸ½ğŸ‘ğŸ½,8
BASTIDORES  | VASCO 0 x 4 CRICIÃšMA | 4Âª RODADA BRASILEIRÃƒO 2024,wjjQSy96YaU,@deisescarsi7836,Muito bom! ğŸ¤ŒğŸ»ğŸ¯,1
BASTIDORES  | VASCO 0 x 4 CRICIÃšMA | 4Âª RODADA BRASILEIRÃƒO 2024,wjjQSy96YaU,@hugotison,animal!!!,0
BASTIDORES  | VASCO 0 x 4 CRICIÃšMA | 4Âª RODADA BRASILEIRÃƒO 2024,wjjQSy96YaU,@herickfelizardo1183,Predestinados! ğŸ¯,0
BASTIDORES  | VASCO 0 x 4 CRICIÃšMA | 4Âª RODADA BRASILEIRÃƒO 2024,wjjQSy96YaU,@reginaldorochateixeira971,ParabÃ©ns tigrÃ£o excelente matÃ©ria.  Top de mais .,3
BASTIDORES  | VASCO 0 x 4 CRICIÃšMA | 4Âª RODADA BRASILEIRÃƒO 2024,wjjQSy96YaU,@felipen7407,Top,0
BASTIDORES  | VASCO 0 x 4 CRICIÃšMA | 4Âª RODADA BRASILEIRÃƒO 2024,wjjQSy96YaU,@carvoeiro21,Dia histÃ³rico,0
COM IMAGENS | CRICIÃšMA 0 (7) x (6) 0 MARCÃLIO DIAS | SEMIFINAL CATARINENSE SUB-20 2024,FincJVhCSSQ,@kiwi.322,"acabei de voltar do estadio, jogo muito bom!",1
O FILME DO ACESSO - SÃ©rie C 2021,MtbHUEpIsUs,@alangremio2611,"Moro em Natal , sou paulista, PorÃ©m sou torcedor do CriciÃºma ğŸ¯ğŸ’›ğŸ–¤ da Ã©poca 1991 Copa do Brasil ğŸ‡§ğŸ‡· 
Mas porque CriciÃºma? Morando em outro estado? Sim!! Pela histÃ³ria do clube , a tradiÃ§Ã£o do interior, e pela camisa que eh muito linda ğŸ’›ğŸ–¤ lembra demais o Penarol do Uruguai ğŸ‡ºğŸ‡¾ğŸ’›ğŸ–¤ ParabÃ©ns linda cidade de CriciÃºma ğŸ’›ğŸ–¤  SaudaÃ§Ãµes do nordeste ğŸ™ŒğŸ¼",2
O FILME DO ACESSO - SÃ©rie C 2021,MtbHUEpIsUs,@jeancarlo5982,O CriciÃºma Ã© pura emoÃ§Ã£o!,0
O FILME DO ACESSO - SÃ©rie C 2021,MtbHUEpIsUs,@otigre469,Bora tigre ğŸ… teu destino e ganhar.,1
O FILME DO ACESSO - SÃ©rie C 2021,MtbHUEpIsUs,@Vinishow10,Grandee sillvinhoo vooltaağŸ”¥ğŸ–¤ğŸ’›ğŸ¤,3
O FILME DO ACESSO - SÃ©rie C 2021,MtbHUEpIsUs,@especuladorinvestidor8291,Trabalhem muito a uniÃ£o da torcida com as mÃ­dias sociais e garra dos jogadores. CriciÃºma Ã© GARRA mesmo se perder uma vaga. Igual do Atlhetico hoje. Mas tem que ter GARRA! (Mas nÃ£o ficar perdendo controle psicolÃ³gico como os do Atletico.) Sempre avante TIGRE!,1
O FILME DO ACESSO - SÃ©rie C 2021,MtbHUEpIsUs,@sverige.viking,"Muito obrigado criciÃºma time de uma cidade linda de um povo maravilhoso, eu acredito em vocÃªs. VAMOS TIGRE Vamos carvoeiro",3
O FILME DO ACESSO - SÃ©rie C 2021,MtbHUEpIsUs,@kolleenmilles686,E juntos levaremos o CriciÃºma a sÃ©rie A novamente!,1
O FILME DO ACESSO - SÃ©rie C 2021,MtbHUEpIsUs,@simaota,"Sou Botafogo
Simpatizei com vcs do CriciÃºma, terÃ£o meu apoio nessa sÃ©rie B 2022",10
O FILME DO ACESSO - SÃ©rie C 2021,MtbHUEpIsUs,@roger6804,sou natural de Criciuma mas devo admitir a torcida do Avai e' a maior de Santa Catarina! Que torcida amigos que torcida!,1
O FILME DO ACESSO - SÃ©rie C 2021,MtbHUEpIsUs,@soviet7526,"Vamos meu tigre!
Rumo a sÃ©rie A 2023!!",3
O FILME DO ACESSO - SÃ©rie C 2021,MtbHUEpIsUs,@FelipeRodrigues-tq1lj,JajÃ¡ faz o filme de novo.,1
O FILME DO ACESSO - SÃ©rie C 2021,MtbHUEpIsUs,@soad123ization,"NÃ³s que somos torcedores, apoiamos incansavelmente o clube sabemos esse sentimento, saudaÃ§Ãµes gremistas e parabÃ©ns pelo acesso.",6
O FILME DO ACESSO - SÃ©rie C 2021,MtbHUEpIsUs,@VIAJANTEDOTEMPO5,"Festa bonita queria ter estado ali junto.
Mas torci muito de longe!
ParabÃ©ns a todos.",3
O FILME DO ACESSO - SÃ©rie C 2021,MtbHUEpIsUs,@revolucionark,DÃ¡-lhe tigre ğŸ…ğŸ…ğŸ…ğŸ… sÃ³ emoÃ§Ã£o esse CriciÃºma,3
O FILME DO ACESSO - SÃ©rie C 2021,MtbHUEpIsUs,@evertonribeiro6043,ğŸ¯ğŸ¯ğŸ¯ğŸ¯ğŸ¯ğŸ¯,2
O FILME DO ACESSO - SÃ©rie C 2021,MtbHUEpIsUs,@rosangelatereza6957,"CriciÃºma tem a melhor torcida e time , vamos pra frente Tigre  o ano que vem forÃ§a total.",8
O FILME DO ACESSO - SÃ©rie C 2021,MtbHUEpIsUs,@eduardolodetti,VOCÃŠ NUNCA VAI ENTENDER.!!!,2
O FILME DO ACESSO - SÃ©rie C 2021,MtbHUEpIsUs,@rodrigocasagrandeblosfeld8869,Muito daora o vÃ­deo. ğŸ‘ğŸ‘,2
O FILME DO ACESSO - SÃ©rie C 2021,MtbHUEpIsUs,@arquibancadatricolorcec,Top demais,2
O FILME DO ACESSO - SÃ©rie C 2021,MtbHUEpIsUs,@contramaodosistema2850,ParabÃ©ns Tigre ğŸ‘ğŸ¼ğŸ‘ğŸ¼ğŸ‘ğŸ¼ Ano que vem vamos buscar o acesso a sÃ©rie A ğŸ…,2
O FILME DO ACESSO - SÃ©rie C 2021,MtbHUEpIsUs,@mateusandrade174,"Subimos... Ã³timos, agora queremos planejamento",2
O FILME DO ACESSO - SÃ©rie C 2021,MtbHUEpIsUs,@juliomachado5205,Que vÃ­deo foda arrepiante manoğŸ”¥,2
O FILME DO ACESSO - SÃ©rie C 2021,MtbHUEpIsUs,@filipidesouza2615,Te amo Tigre!,2
O FILME DO ACESSO - SÃ©rie C 2021,MtbHUEpIsUs,@alicecominmartins6342,Bora tigre! 2022 Ã© nosso! ğŸ¯ğŸ¯,4
O FILME DO ACESSO - SÃ©rie C 2021,MtbHUEpIsUs,@alicecominmartins6342,Que vÃ­deoooooo top!,2
O FILME DO ACESSO - SÃ©rie C 2021,MtbHUEpIsUs,@marcossouzapereira2949,"Sempre fui torcedor do tigre,",2
O FILME DO ACESSO - SÃ©rie C 2021,MtbHUEpIsUs,@Freg12345,Rumo ao futuro... O Criciuma Ã© uma grande marca e tem que ser pensada. Longo prazo.,4
O FILME DO ACESSO - SÃ©rie C 2021,MtbHUEpIsUs,@guilhermehenriquedesouzaco1490,VocÃª nunca vai entender!!!! Dalhe tigre!!!!,2
O FILME DO ACESSO - SÃ©rie C 2021,MtbHUEpIsUs,@fernandomarques8491,"FOI UMA HONRA VISITAR CRICIÃšMA , ESTÃDIO Â Heriberto HÃ¼lse RAÃZ DO FUTEBOL .. SUCESSO PARA VOCÃŠS!!!!",33
O FILME DO ACESSO - SÃ©rie C 2021,MtbHUEpIsUs,@viniciusrangelfernandes8064,O maior de Santa Catarina!!! ğŸ’›ğŸ–¤ğŸ¤,3
O FILME DO ACESSO - SÃ©rie C 2021,MtbHUEpIsUs,@madsonluizpereira1201,Show,2
O FILME DO ACESSO - SÃ©rie C 2021,MtbHUEpIsUs,@bancadacarvoeira2260,"Ã‰ o tigre,o maior de sc parabÃ©ns a esss elenco por representarem esse mantoğŸ¯ğŸ¤Ÿ",5
O FILME DO ACESSO - SÃ©rie C 2021,MtbHUEpIsUs,@reginaldocolombo1705,Top top ... Vamos com tudo Tigre...,2
O FILME DO ACESSO - SÃ©rie C 2021,MtbHUEpIsUs,@reginaldorochateixeira971,Subimos tigreeeeeee. Obrigado a todos que se empenharam em devolver a estÃ¡ alegria nÃ³s torcedores carvoeiro. Obrigado,2
O FILME DO ACESSO - SÃ©rie C 2021,MtbHUEpIsUs,@tiagobortolintavares4982,Des d janeiro voltei ser sÃ³cio com 2 carteirinhas e acredito no novo processo do clube e no Anselmo pq um presidente manda abri as portas do estÃ¡dio e ainda mais do gramado pra faze a festa foi d mais parabÃ©ns a tds os envolvidos ğŸ¯ğŸ¯ğŸ¯,5
O FILME DO ACESSO - SÃ©rie C 2021,MtbHUEpIsUs,@joaovitorgalera1672,ğŸ’›ğŸ–¤ğŸ¤,0
O FILME DO ACESSO - SÃ©rie C 2021,MtbHUEpIsUs,@joaosaviz,Ã‰ O TIGREEEEğŸ–¤ğŸ’›,2
O FILME DO ACESSO - SÃ©rie C 2021,MtbHUEpIsUs,@gabryelpagani4631,Sou criciuma atÃ© morrer!!!ğŸ’›,12
O FILME DO ACESSO - SÃ©rie C 2021,MtbHUEpIsUs,@giovannimeller,Ã© o tigre,2
O FILME DO ACESSO - SÃ©rie C 2021,MtbHUEpIsUs,@viniciusabel2267,voltamossss!!!!!!!!!!!!!!!!!!,2
O FILME DO ACESSO - SÃ©rie C 2021,MtbHUEpIsUs,@douglasestevam6649,Eu nunca vou te abandonar..,2
O FILME DO ACESSO - SÃ©rie C 2021,MtbHUEpIsUs,@luizgazola4222,apenas o maior de SC,4
O FILME DO ACESSO - SÃ©rie C 2021,MtbHUEpIsUs,@lucasguidi9625,Ã‰ o tigreeeeeee,2
O FILME DO ACESSO - SÃ©rie C 2021,MtbHUEpIsUs,@nateia-homemaranhacarvoeir4545,EmoÃ§Ã£o a flor da pele,2
O FILME DO ACESSO - SÃ©rie C 2021,MtbHUEpIsUs,@marceldalbo1058,Parabens pela produÃ§Ã£o!  Top top ğŸ‘ŠğŸ¼ğŸ¯,3
O FILME DO ACESSO - SÃ©rie C 2021,MtbHUEpIsUs,@deisescarsi7836,ğŸ”¥ğŸ”¥ğŸ”¥,2
O FILME DO ACESSO - SÃ©rie C 2021,MtbHUEpIsUs,@andrefabrisaguiar,Meu medo Ã© o criciuma virar o vitÃ³ria! Maior de SC,19
O FILME DO ACESSO - SÃ©rie C 2021,MtbHUEpIsUs,@felipesachetcolombo7817,Dalheee tigre ğŸ¯ğŸ¯,2
O FILME DO ACESSO - SÃ©rie C 2021,MtbHUEpIsUs,@paulodimon810,O maior de Santa Catarina! ğŸ¯ğŸ¯,2
O FILME DO ACESSO - SÃ©rie C 2021,MtbHUEpIsUs,@paulodimon810,Fodaaaa,2
O FILME DO ACESSO - SÃ©rie C 2021,MtbHUEpIsUs,@everaldoeufrasiogoncalves9303,"Agora Ã© se manter na b e nunca mais cair denovo , o tigre Ã© muito grande e n cabe na sÃ©rie c",8
O FILME DO ACESSO - SÃ©rie C 2021,MtbHUEpIsUs,@otaviolucio9874,VÃ­deo muito fodaaağŸ‘ğŸ¼ğŸ‘ğŸ¼,2
O FILME DO ACESSO - SÃ©rie C 2021,MtbHUEpIsUs,@marceldalbo1058,"Boraaa, toop!!",2
CRICIÃšMA 2x0 ATLÃ‰TICO-GO - 29Âª RODADA BRASILEIRÃƒO 2024 (SEM IMAGENS),rw09ngsn67w,@ramonferrari9506,Vamo Tigreeee,2
Cheiro de pelo queimado! ğŸ”¥ğŸ¯ğŸ¥²,qyetp-9RUdQ,@rogerfelipe8027,Hahahhahahahah era uma vez um bilau,1
Cheiro de pelo queimado! ğŸ”¥ğŸ¯ğŸ¥²,qyetp-9RUdQ,@juliodanielfaracorocha4314,Brincadeirinha ğŸ˜‚ğŸ˜‚,0
Cheiro de pelo queimado! ğŸ”¥ğŸ¯ğŸ¥²,qyetp-9RUdQ,@marlenemarcos3122,Fiquei com dÃ³ ğŸ˜¬ğŸ˜¬ da dona Tigresa... ğŸ˜‚ğŸ˜‚ğŸ˜‚ğŸ˜‚,0
COM IMAGENS | CRICIÃšMA 0x2 MIRASSOL | BRASILEIRO DE ASPIRANTE SUB-23 | 1Âª RODADA,qNv_V80YRl0,@lourivalrodriguesmachado3433,CriciÃºma orgulho de santa Catarina,2
COM IMAGENS | CRICIÃšMA 0x2 MIRASSOL | BRASILEIRO DE ASPIRANTE SUB-23 | 1Âª RODADA,qNv_V80YRl0,@FX_Yuri_157,HG te amooo,1
COM IMAGENS | CRICIÃšMA 1x1 AVAÃ | FINAL CATARINENSE SUB-15 2024 (JOGO DE VOLTA),ZNEk3ir_K6U,@MichelGoulart,"Tem uma rapaziada aÃ­, dentre os titulares, que sÃ£o meus alunos na EEB Heriberto Hulse. Na torcida!",2
JUVENTUDE 1 x 2 CRICIÃšMA - 20Âª RODADA BRASILEIRÃƒO 2024 (SEM IMAGENS),vHl68VWoF5Q,@gabrieldias9802,Ganhei o ingresso,2
JUVENTUDE 1 x 2 CRICIÃšMA - 20Âª RODADA BRASILEIRÃƒO 2024 (SEM IMAGENS),vHl68VWoF5Q,@gabrieldias9802,Ganhei o ingresso,2
JUVENTUDE 1 x 2 CRICIÃšMA - 20Âª RODADA BRASILEIRÃƒO 2024 (SEM IMAGENS),vHl68VWoF5Q,@moacirmagagnin7297,Golsasie,0
Autor do gol no empate contra o Botafogo: Felipe Vizeu,RzCiKjo_IOw,@andremarchet2663,"ParabÃ©ns Vizeu, cara do bem , espero que esteja bem recuperado e continue ajudando nosso TigrÃ£o!",2
Autor do gol no empate contra o Botafogo: Felipe Vizeu,RzCiKjo_IOw,@fernandocorrea469,Tigre apagou o foguinho....ğŸ˜‚ğŸ˜‚,2
Autor do gol no empate contra o Botafogo: Felipe Vizeu,RzCiKjo_IOw,@moacirmagagnin7297,Jogo Ã‰pico do Tigreeeee!!!!! Vamosssss Tigreeeee,1
Autor do gol no empate contra o Botafogo: Felipe Vizeu,RzCiKjo_IOw,@glauciacardoso9169,PARABÃ‰NS VIZEU !!!,1
Autor do gol no empate contra o Botafogo: Felipe Vizeu,RzCiKjo_IOw,@SeverinoMaia-l9w,FanfarrÃ£o morto de fome teu deus Ã© diabo quem Ã© de DEUS respeito o prÃ³ximo.fica tranquilo sÃ³ espera a Lei do retorno.,0
Autor do gol no empate contra o Botafogo: Felipe Vizeu,RzCiKjo_IOw,@GuilhermePereira-ds7ls,O Felipe Vizeu Ã© craque demais!,4
Autor do gol no empate contra o Botafogo: Felipe Vizeu,RzCiKjo_IOw,@MarusanSantosdeSouza,Vai flamengo vai voltar para casa no lugar de Gabi â¤â¤â¤,0
Autor do gol no empate contra o Botafogo: Felipe Vizeu,RzCiKjo_IOw,@PauloRamos-me3uw,"POR ISSO ESTÃ NO ESGOTO DO FUTEBOL... SAIU DO MULAMBO, E VAI PRO LIMBO",0
Autor do gol no empate contra o Botafogo: Felipe Vizeu,RzCiKjo_IOw,@luisricardodesouza9112,Conhece bem o mengao,2
Autor do gol no empate contra o Botafogo: Felipe Vizeu,RzCiKjo_IOw,@KauanPradoLeal9305,sou mengo mais muito obg por esse jg CriciÃºma,1
Autor do gol no empate contra o Botafogo: Felipe Vizeu,RzCiKjo_IOw,@rafaelsaviatomonconi4955,VIZEU TÃ AÃ EM,0
Autor do gol no empate contra o Botafogo: Felipe Vizeu,RzCiKjo_IOw,@nadialigia5808,Obrigadaaaaaaaaaaaa,1
Autor do gol no empate contra o Botafogo: Felipe Vizeu,RzCiKjo_IOw,@Cristianipizzonimotta,vamos tigre,1
Autor do gol no empate contra o Botafogo: Felipe Vizeu,RzCiKjo_IOw,@FrankVeiga-om4yl,ParabÃ©ns guerreiro vocÃª Ã© muito vitorioso!!!!!ğŸ‘ğŸ»ğŸ‘ğŸ»ğŸ‘ğŸ»ğŸ‘ğŸ»ğŸ‘ğŸ»ğŸ‘ğŸ»,1
Autor do gol no empate contra o Botafogo: Felipe Vizeu,RzCiKjo_IOw,@rafaelduarte3694,VAMOS TIGRE!!!,5
Autor do gol no empate contra o Botafogo: Felipe Vizeu,RzCiKjo_IOw,@lucianocasagrande7449,ParabÃ©ns tigre forÃ§a vamos,6
Autor do gol no empate contra o Botafogo: Felipe Vizeu,RzCiKjo_IOw,@kiwi.322,Jogou muito bem,5
Autor do gol no empate contra o Botafogo: Felipe Vizeu,RzCiKjo_IOw,@vanderleicandido3903,vizeu craque â¤,4
Autor do gol no empate contra o Botafogo: Felipe Vizeu,RzCiKjo_IOw,@jailsoncaetano7206,"ForÃ§a tigre, parabÃ©ns",5
TREINAMENTO NO CT DO CORINTHIANS,KZhV6F5wX4Y,@starttimao1910,as portas sempre estarÃ£o abertas ğŸ™,1
TREINAMENTO NO CT DO CORINTHIANS,KZhV6F5wX4Y,@daniloSilvaa-ej1kb,QUANDO PRECISA EMPRESTAMOS NOSSO CT PRA VCS TIGRE .,2
TREINAMENTO NO CT DO CORINTHIANS,KZhV6F5wX4Y,@renatofranciscomartins3869,"Muito legal ver o CriciÃºma tÃ£o organizado assim , que pena que foi assaltado pelo varmengo",1
TREINAMENTO NO CT DO CORINTHIANS,KZhV6F5wX4Y,@Alguem1910,Estrutura do corinthians e maravilhosa,4
TREINAMENTO NO CT DO CORINTHIANS,KZhV6F5wX4Y,@felipeaires1087,Dificil ter que jogar contra o flamengo e contra o var... ai nao tem jeito,5
TREINAMENTO NO CT DO CORINTHIANS,KZhV6F5wX4Y,@marcelobarbossa8393,"Contra o meu Corinthians vocÃªs perderam na bola jogando bem,  jÃ¡   contra o Varmengo, aquele pÃªnalti que vergonha.",31
TREINAMENTO NO CT DO CORINTHIANS,KZhV6F5wX4Y,@Willsmit-md3zx,Caraca que estrutura gigante essa do Corinthians.,5
TREINAMENTO NO CT DO CORINTHIANS,KZhV6F5wX4Y,@nasz9896,"Manda uns 2 laterais desse para meu CoringÃ£o, pfvr!! kkkkkkkkkkk",2
TREINAMENTO NO CT DO CORINTHIANS,KZhV6F5wX4Y,@VitorEmanuel08,Sou sÃ£o Paulo estou torcendo para o CriciÃºma vencer para nÃ³s podermos se aproximar da lideranÃ§a do campeonato âš«ğŸ–¤ğŸ’›ğŸ’›,1
TREINAMENTO NO CT DO CORINTHIANS,KZhV6F5wX4Y,@paulosergiomedeiros9734,Tudo Ã© possÃ­vel ğŸ™†,1
TREINAMENTO NO CT DO CORINTHIANS,KZhV6F5wX4Y,@gabrieldias9802,Vamo tigre ğŸ…,1
COM IMAGENS | CRICIÃšMA 1x2 CHAPECOENSE | FINAL CATARINENSE SUB-17 2024 (JOGO DE VOLTA),FxdJPgAUeGc,@JadsonAgostinho-yz3qs,30 mil,1
COM IMAGENS | CRICIÃšMA 1x2 CHAPECOENSE | FINAL CATARINENSE SUB-17 2024 (JOGO DE VOLTA),FxdJPgAUeGc,@inescarvalho9240,ParabÃ©ns pelo jogo. Valeu  CriciÃºma,3
Projeto do CriciÃºma para as categorias de base - 2017,COJnx3-ZfeI,@jogos027freefire2,criciÃºma faz uma peneira no Espirito santo,0
Projeto do CriciÃºma para as categorias de base - 2017,COJnx3-ZfeI,@naocresci1311,"Espero que eu consiga passar no teste, seria um prazer participar...",2
Projeto do CriciÃºma para as categorias de base - 2017,COJnx3-ZfeI,@nonoke2_,Ã‰ aonde,1
Projeto do CriciÃºma para as categorias de base - 2017,COJnx3-ZfeI,@evelynfernanda6918,https://youtu.be/uua5dCe7jZI âš½ï¸,0
Projeto do CriciÃºma para as categorias de base - 2017,COJnx3-ZfeI,@juninhogamernj9546,BVB BR,2
Projeto do CriciÃºma para as categorias de base - 2017,COJnx3-ZfeI,@rafaelsilvasouza1904,Oq nÃ£o pode acontecer Ã© nossos garotos sairem daqui para defender GrÃªmio e inter...,2
Projeto do CriciÃºma para as categorias de base - 2017,COJnx3-ZfeI,@rafaelsilvasouza1904,"Existem vÃ¡rios jogadores de qualidade na cidade e que vÃ£o aparecer ao natural, enquanto isso revelar jogador e formalos Ã© a meta. Dinheiro para o clube os garotos vÃ£o proporcionar ao clube seja de perto ou de longe...",1
Projeto do CriciÃºma para as categorias de base - 2017,COJnx3-ZfeI,@samuelmaximo9463,Mas vcs buscam os jogadores em outras cidades pra ficar no clube,2
